id_run,self1,self2,self3,self4,self5,self6,self7,self8,self9,self10,self11,self12,third1,third2,third3,third4,third5,third6,third7,third8,third9,third10,third11,third12,Agency3,Allocentrism3,Coalition3,Ethos3,Exchange3,Intentionality3,Logos3,Might3,Network3,Pathos3,SA3,Team3,Agency1,Allocentrism1,Coalition1,Ethos1,Exchange1,Intentionality1,Logos1,Might1,Network1,Pathos1,SA1,Team1
1,2.8,3.333333,2.666667,2.25,2.833333,Often,3.4,2.166667,3.5,3.166667,3.166667,3.8,3.675,3.708333,3.395833,2.709677,3.166667,3.458333,3.575,2.4375,3.729167,3.125,3.354167,3.45,99,99,96,20,92,76,86,18,98,73,90,97,29,73,41,21,56,43,55,31,78,77,69,96
2,2.8,3.333333,Often,Often,2.666667,Always,2.8,2.833333,3.5,2.5,3.166667,Often,3.05,3.0625,2.9375,2.8125,2.916667,3.291667,2.975,2.895833,3.020833,2.520833,2.895833,2.825,27,35,45,31,67,54,13,65,26,1,18,40,29,73,67,69,40,98,18,73,78,25,69,68
3,3.2,2.5,2.166667,2.25,3.166667,2.5,3.2,1.333333,2.5,2.833333,3.333333,Occasionally,3.291139,3.15625,2.802083,2.619048,2.688889,3.166667,3.3125,2.354839,2.98913,2.895833,3.170213,2.5,58,51,27,14,30,33,52,10,21,38,63,13,64,9,13,21,78,10,42,0,25,52,80,9
4,,,,,,,,,,,,,,,,,,,,,,,,,,,,,,,,,,,,,,,,,,,,,,,,
5,2.2,3.166667,Occasionally,2.25,2.5,3.833333,3.6,2.5,2.166667,Occasionally,2.833333,1.4,2.52,2.616667,2.288136,2.4,2.206897,3.1,3.265306,2.410714,2.3,2.186441,2.824561,1.76,2,1,0,4,0,26,44,15,0,0,9,0,3,56,7,21,32,96,75,53,10,6,37,0
6,2.2,1.833333,2.5,Occasionally,2.666667,2.5,2.6,3.833333,1.333333,1.833333,2.333333,2.4,3.125,3.208333,3.041667,2.71875,2.729167,3.1875,3.175,3.104167,3.404255,3.020833,3.085106,2.975,34,59,62,21,35,36,33,88,75,58,47,58,3,0,30,11,40,10,9,98,0,2,6,26
7,Often,2.5,1.833333,2.25,2.833333,3.166667,3.2,2.333333,2.166667,2.166667,3.333333,1.8,3.25,3.229167,3.083333,3.4375,3.020833,3.479167,3.325,2.6875,3.25,3.145833,3.125,3.125,50,63,67,94,80,81,55,44,54,76,54,75,42,9,3,21,56,59,42,43,10,12,80,2
8,Always,2.8,3.75,2.666667,3.166667,3.5,2.666667,Always,2.8,Occasionally,2.5,2.333333,3.333333,2.657143,3.607143,3.285714,2.780488,3.476191,2.714286,3.514286,3.542857,2.642857,2.738095,2.428571,66,2,99,85,42,81,1,98,92,10,3,8,98,26,98,51,78,84,16,99,38,6,14,26
9,3.2,3.166667,2.166667,Often,Occasionally,3.666667,Always,2.666667,Occasionally,3.166667,3.666667,3.2,3.353846,2.987013,2.662338,2.942308,2.589744,3.435897,3.78125,2.805195,3.064935,2.961039,3.051282,2.640625,71,28,13,50,20,74,98,54,32,49,40,22,64,56,13,69,5,92,96,64,6,77,94,82
10,2.6,Often,2.666667,2.25,2.666667,3.166667,2.6,2.833333,2.5,Often,2.5,Occasionally,2.975,2.958333,2.9375,2.84375,2.770833,3.166667,3.25,2.708333,2.6875,2.916667,2.893617,2.725,20,24,45,38,42,33,40,47,6,42,18,30,21,40,41,21,40,59,9,73,25,66,14,9
11,3.2,2.5,2.333333,1.75,2.166667,2.5,Often,2.333333,3.166667,Occasionally,Often,2.6,2.84,2.8,2.8,2.8,2.5,Often,3.24,2.566667,3.166667,Often,3.133333,2.68,12,10,26,29,11,15,40,30,45,52,57,25,64,9,20,3,10,10,29,43,55,6,50,41
12,2.8,2.333333,2.166667,3.25,2.666667,2.666667,2.8,3.5,2.333333,2.666667,2.666667,2.6,2.893333,2.544445,2.611111,3.067797,2.348315,2.744444,3.093333,3.244444,2.777778,2.786517,2.866667,2.306667,16,0,8,66,2,3,21,95,8,24,13,2,29,5,13,85,40,17,18,93,16,38,25,41
13,3.4,2.833333,3.166667,2.75,3.166667,2.666667,3.8,Rarely,3.333333,2.333333,3.166667,1.8,3.288889,3.222222,3.075472,2.916667,3.111111,3.62963,3.577778,2.925926,3.074074,2.777778,3.222222,2.866667,57,61,66,47,87,96,87,70,34,21,73,46,79,28,77,53,78,17,86,0,66,19,69,2
14,3.4,3.166667,3.166667,Occasionally,2.666667,Often,Occasionally,2.5,3.333333,2.833333,2.666667,3.6,3.571429,2.976191,3.261905,3.142857,2.809524,3.071429,2.657143,3.071429,3.619048,3.095238,2.904762,3.457143,93,26,89,72,48,22,0,83,96,69,20,98,79,56,77,11,40,43,0,53,66,52,25,93
15,2.2,2.666667,Occasionally,2.5,1.833333,2.833333,3.8,3.166667,2.666667,2.166667,Occasionally,1.8,2.911111,2.584906,2.528302,3.305556,2.471698,2.903846,2.911111,2.960784,2.849057,2.615385,2.64151,2.422222,18,1,5,87,9,6,9,74,12,7,1,7,3,18,7,38,2,27,86,89,31,12,0,2
16,Often,Often,2.5,3.25,3.666667,2.666667,3.2,2.833333,3.5,2.833333,2.333333,2.2,3.542857,3.357143,3.35,3.285714,2.9,3.666667,3.485714,3.095238,3.725,3.095238,3.404762,3.057143,92,79,95,85,63,98,78,87,98,69,94,68,42,40,30,85,97,17,42,73,78,52,6,15
17,,,,,,,,,,,,,3.295455,3.377358,3.018868,3.114286,2.814815,3.203704,3.272727,2.788461,3.333333,3.365385,3.074074,3.177778,59,81,59,68,48,40,45,52,66,95,46,82,,,,,,,,,,,,
18,3.2,3.5,3.166667,3.25,2.666667,3.5,3.4,2.333333,Always,3.333333,3.166667,3.4,3.46,3.066667,3.05,3.275,2.783333,3.5,3.32,2.733333,3.75,3.1,3.116667,2.98,84,36,64,85,44,84,53,49,99,70,51,60,64,84,77,85,40,84,55,43,93,86,69,87
19,3.166667,2.8,2.833333,3.2,2.833333,2.5,2.833333,2.166667,2.833333,2.8,Often,2.25,3.514286,3.333333,3.305556,3.533333,3.5,3.277778,3.527778,3.638889,3.583333,3.533333,3.388889,3.541667,89,76,92,97,99,53,81,99,93,98,93,99,62,26,57,83,56,10,28,31,39,50,50,25
20,1.8,Often,2.333333,2.75,2.5,2.833333,3.4,2.333333,3.333333,2.833333,3.5,2.4,2.05,2.666667,2.416667,3.03125,2.479167,2.708333,2.675,2.479167,2.791667,2.708333,2.625,2.4,0,3,0,62,9,2,0,22,9,16,0,6,0,40,20,53,32,27,55,43,66,52,89,26
21,3.2,3.5,3.5,Often,3.5,3.333333,3.4,Often,3.5,2.666667,3.166667,3.2,3.133333,3.027778,2.555556,3.083333,2.638889,3.361111,3.266667,2.722222,2.972222,2.722222,2.972222,2.833333,35,32,6,67,25,63,45,48,19,17,30,41,64,84,93,69,93,72,55,82,78,38,69,82
22,3.4,3.5,2.833333,2.75,2.666667,3.5,Always,2.666667,3.333333,2.5,2.833333,2.2,3.314286,3.333333,3.097561,2.964286,3.02439,3.333333,3.714286,2.904762,3.595238,3.214286,3.261905,3.285714,63,76,68,55,81,58,97,68,95,84,78,92,79,84,57,53,40,84,96,64,66,25,37,15
23,Often,2.833333,2.666667,2.25,2.166667,2.666667,2.4,2.333333,2.666667,2.5,2.5,3.2,3.090909,3.169811,2.901961,2.857143,2.960784,3.075472,2.795455,2.352941,3.403846,2.888889,2.830189,2.976744,31,53,37,39,75,23,4,9,74,36,10,60,42,28,41,21,10,17,5,43,31,25,14,82
24,Often,2.5,2.666667,2.25,3.166667,3.833333,3.2,Often,3.333333,Occasionally,2.5,2.8,3.489796,3.233333,2.933333,2.475,2.633333,3.576271,3.44,2.333333,3.316667,2.8,3.183333,2.82,87,64,44,7,24,93,71,8,65,26,64,38,42,9,41,21,78,96,42,82,66,6,14,54
25,Occasionally,2.333333,2.166667,Occasionally,2.166667,2.166667,3.2,1.5,2.166667,2.166667,Occasionally,1.8,2.88,3.116667,2.85,2.55,2.766667,3.183333,3.4,2.216667,3.283333,2.7,2.95,2.68,14,44,31,10,41,35,63,5,59,15,25,25,1,5,13,11,10,1,42,3,10,12,0,2
26,2.2,2.5,2.333333,Often,2.666667,Often,2.8,2.166667,2.833333,1.833333,2.333333,2.4,3.02,2.916667,3.016667,3.2,2.338983,3.316667,3.42,3.166667,3.1,2.616667,3.086207,2.28,24,19,57,76,2,57,68,92,36,8,48,2,3,9,20,69,40,43,18,31,39,2,6,26
27,Often,3.166667,2.666667,2.5,2.166667,2.833333,3.6,2.166667,2.166667,Often,3.166667,3.2,3.333333,3.395833,3.12766,2.83871,2.956522,3.354167,3.4,2.744681,3.212766,3.0625,3.217391,3.15,66,83,74,37,73,63,63,50,49,64,72,78,42,56,41,38,10,27,75,31,10,66,69,82
28,3.2,3.833333,1.833333,2.75,3.166667,3.5,3.8,2.833333,2.166667,2.833333,2.5,1.8,2.9,2.666667,2.416667,2.65625,2.25,3.125,3.35,2.8125,2.354167,2.416667,2.979167,Occasionally,16,3,0,17,0,28,58,56,0,0,30,0,64,96,3,53,78,84,86,73,10,52,14,2
29,Often,2.833333,2.333333,2.5,2.5,2.666667,Often,2.333333,2.5,2.5,2.333333,2.6,3.48,3.116667,3.316667,3.35,Often,3.583333,3.32,3.233333,3.483333,2.983333,3.266667,2.86,86,44,92,89,78,94,53,94,85,51,79,45,42,28,20,38,32,17,29,43,25,25,6,41
30,Occasionally,2.333333,2.333333,Occasionally,2.5,2.666667,Often,1.666667,1.833333,1.5,1.666667,1.8,2.75,2.895833,2.4375,2.46875,2.708333,3.208333,2.825,2.395833,2.625,2.520833,2.645833,2.6,5,16,1,6,33,41,5,13,4,1,1,19,1,5,20,11,32,17,29,8,2,0,0,2
31,Often,3.166667,2.166667,2.25,2.5,3.666667,3.8,2.5,2.166667,2.5,3.5,Occasionally,3.422222,3.277778,2.87037,2.542857,2.45283,3.462963,3.6,2.433962,2.692308,2.811321,3.092592,2.590909,79,70,34,10,7,78,88,17,7,27,49,18,42,56,13,21,32,92,86,53,10,25,89,9
32,Often,2.833333,2.333333,2.25,1.833333,2.166667,3.8,2.5,2.833333,Often,2.666667,Occasionally,3.444444,3.203704,3.018518,2.972222,2.481482,3.296296,3.533333,2.481482,3.333333,Often,3.296296,2.711111,83,59,58,57,10,55,82,23,66,52,84,28,42,28,20,21,2,1,86,53,39,66,25,9
33,2.8,2.833333,2.333333,2.666667,2.5,Often,2.8,1.833333,3.166667,Often,Often,2.4,3.384615,3.404255,3.413043,3.033333,2.76087,3.466667,3.333333,2.72093,3.404255,3.304348,3.319149,3.27027,74,84,97,63,39,79,56,48,75,92,86,90,29,28,20,51,32,43,18,16,55,66,50,26
34,2.6,3.333333,2.833333,2.25,2.833333,Often,3.2,1.833333,3.5,2.5,2.833333,Often,3.3,3.395833,2.666667,2.8125,2.479167,3.333333,3.3,2.479167,Often,3.1875,3.1875,2.725,59,83,14,31,9,58,48,22,22,80,67,30,21,73,57,21,56,43,42,16,78,25,37,68
35,3.4,3.333333,2.5,2.25,3.166667,3.166667,3.6,1.833333,2.666667,2.5,Often,2.4,3.525,2.979167,2.583333,2.1875,2.75,3.5,3.375,2.125,2.583333,2.604167,3.041667,2.325,90,26,7,1,38,84,61,4,3,6,37,3,79,73,30,21,78,59,75,16,31,25,50,26
36,3.6,3.333333,3.333333,2.25,3.5,Often,3.4,2.666667,Always,2.5,3.333333,Often,3.377778,3.148148,3.037037,Often,3.018518,3.264151,3.533333,2.648148,3.611111,3.111111,3.277778,3.066667,72,48,61,57,79,50,82,40,96,71,80,70,88,73,86,21,93,43,55,64,93,25,80,68
37,2.8,Often,2.833333,1.5,2.666667,Often,1.8,1.666667,3.333333,1.5,Often,2.4,3.377778,3.574074,3.018868,2.444444,2.87037,3.425926,3.066667,2.592592,3.537037,2.851852,3.185185,3.2,72,95,59,6,58,72,20,33,90,33,65,83,29,40,57,1,40,43,0,8,66,0,50,26
38,3.4,3.5,3.333333,Often,3.166667,3.5,3.4,2.166667,3.166667,2.5,2.5,2.6,3.38,3.5,2.916667,2.325,3.083333,3.2,3.14,2.166667,3.15,2.816667,3.2,2.938776,73,91,40,3,85,39,27,5,44,28,71,54,79,84,86,69,78,84,55,31,55,25,14,41
39,2.6,3.166667,2.333333,2.25,2.166667,2.5,3.2,Occasionally,2.5,2.166667,2.666667,2.4,3.309091,2.969697,2.909091,2.795455,2.848485,3.30303,3.290909,2.661538,3.046154,3.015152,Often,2.745455,62,25,38,28,52,56,48,40,29,57,31,31,21,56,20,21,10,10,42,23,25,12,25,26
40,,,,,,,,,,,,,3.32,3.2,2.966667,3.15,2.9,3.333333,3.16,3.166667,3.266667,2.866667,3.241379,3.2,64,57,51,73,63,58,30,92,57,34,76,83,,,,,,,,,,,,
41,Often,Often,Often,1.75,2.833333,3.333333,3.6,Occasionally,2.333333,Occasionally,3.333333,1.8,3.408163,3.20339,3.152542,3.333333,3.135593,3.551724,3.530612,3.084746,3.288136,Often,3.288136,2.938776,77,58,77,88,89,91,81,87,61,52,82,54,42,40,67,3,56,72,75,23,16,6,80,2
42,3.2,Often,3.333333,2.75,3.166667,Often,2.8,2.5,Often,2.833333,Often,Often,3.55,3.708333,3.583333,3.34375,3.148936,3.75,3.475,3.4375,3.75,3.395833,3.416667,3.3,92,99,99,89,91,99,77,97,99,96,94,92,64,40,86,53,78,43,18,53,47,52,50,68
43,3.2,2.833333,Often,3.75,2.833333,2.5,2.6,2.333333,3.166667,3.166667,Often,3.4,3.5,3.15493,3.085714,3.416667,2.926471,3.549296,3.366667,2.847222,3.583333,3.430556,3.323944,3.283333,88,50,67,93,70,90,60,61,93,97,87,92,64,28,67,99,56,10,9,43,55,77,50,87
44,2.2,2.5,2.166667,Occasionally,2.5,2.166667,3.4,1.5,2.666667,2.5,2.5,Occasionally,3.111111,3.222222,2.888889,2.944444,Often,3.188679,3.444444,2.833333,3.296296,2.87037,2.962264,3.022222,33,61,35,50,78,37,72,58,63,35,28,66,3,9,13,11,32,1,55,3,31,25,14,9
45,2.2,3.5,3.333333,2.25,Often,2.833333,3.2,2.166667,3.333333,3.166667,2.5,Often,3.125,3.375,3.106383,2.8125,3.104167,3.12766,3.225,2.625,3.354167,3.0625,3.125,3.175,34,81,70,31,86,29,38,36,68,64,54,81,3,84,86,21,70,27,42,31,66,77,14,68
46,2.8,3.333333,2.333333,2.75,2.833333,Often,3.8,2.833333,1.833333,2.333333,2.666667,2.2,3.033333,3.069444,2.763889,2.5,2.666667,3.083333,3.083333,2.323944,3.097222,2.736111,2.916667,2.783333,26,37,21,7,28,23,21,8,36,20,21,35,29,73,20,53,56,43,86,73,2,19,25,15
47,3.2,3.166667,2.666667,3.25,2.166667,3.333333,3.4,Often,Often,2.666667,3.333333,2.8,2.457143,2.333333,2.853658,3.25,2.380952,2.761905,2.971429,3.047619,2.785714,2.809524,2.928571,2.485714,1,0,33,81,3,4,12,81,9,26,23,10,64,56,41,85,10,72,55,82,47,38,80,54
48,2.4,2.833333,2.5,1.666667,2.166667,3.166667,Often,2.5,3.333333,2.833333,Often,2.2,2.83871,3.052632,3.013158,2.862745,2.973684,3.013158,3.142857,2.671053,3.368421,2.947368,3.118421,Often,11,35,57,41,77,16,27,43,70,46,53,61,11,28,30,3,10,59,29,53,66,52,50,15
49,3.2,3.333333,Often,2.5,2.666667,3.333333,Always,Often,2.333333,3.166667,3.833333,3.4,3.488889,3.150943,3.12963,3.583333,2.740741,3.407408,3.6,3.132076,3.351852,3.222222,3.259259,2.933333,87,49,74,98,37,69,88,89,68,85,78,52,64,73,67,38,40,72,96,82,16,77,99,87
50,2.8,Often,2.666667,3.25,3.666667,3.5,3.8,Occasionally,2.833333,2.5,Often,2.8,3.40678,3.185714,2.779412,2.765957,2.855072,3.535211,3.516667,2.633803,2.985915,2.681159,3.1,2.596491,76,56,24,25,54,89,79,38,21,13,50,18,29,40,41,85,97,84,86,23,39,25,50,54
51,2.8,2.5,2.833333,2.5,2.333333,Often,3.2,2.6,3.5,2.666667,Often,Occasionally,2.511111,3.075472,2.962963,3.25,2.574074,3.150943,3.4,2.703704,2.740741,2.925926,2.962963,2.822222,1,39,51,81,17,32,63,47,8,44,28,39,29,9,57,38,19,43,42,63,78,38,50,9
52,3.6,Often,Often,3.5,2.833333,3.5,Occasionally,Often,3.5,Often,3.5,3.8,3.615385,3.294872,3.115385,3.115385,2.948718,3.402597,3.015385,2.692308,3.571429,3.089744,2.948718,3.261539,95,72,71,69,72,68,16,46,92,68,25,89,88,40,67,95,56,84,0,82,78,66,89,96
53,3.8,Often,2.666667,Occasionally,2.333333,Often,3.4,2.833333,3.5,3.666667,Often,2.8,3.1,2.883333,2.583333,2.925,2.3,3.25,3.32,2.816667,Often,2.933333,2.966667,2.32,32,14,7,48,1,46,53,57,22,44,29,3,96,40,41,11,19,43,55,73,78,94,50,54
54,3.6,3.333333,2.666667,1.75,3.666667,Often,3.4,1.666667,2.166667,2.833333,Often,2.6,3.657143,3.619048,3.047619,2.107143,2.904762,3.452381,3.542857,1.97619,3.119048,Often,3.285714,3.142857,98,96,63,0,64,76,84,0,40,52,81,78,88,73,41,3,97,43,55,8,10,52,50,41
55,Often,2.833333,2.333333,2.25,2.833333,2.833333,Often,2.166667,2.666667,Occasionally,2.833333,2.8,3.625,3.6875,2.958333,2.8125,2.958333,3.625,3.825,2.5,3.541667,3.270833,3.291667,3.05,96,98,49,31,74,95,99,24,91,89,83,67,42,28,20,21,56,27,29,31,31,6,37,54
56,2.6,3.166667,2.166667,2.25,2.5,2.833333,2.4,1.666667,Often,Often,2.5,2.6,3.1875,3.263158,3.043956,2.873016,3.032609,3.526316,3.384615,2.608696,3.141304,2.989474,3.06383,3.012658,45,67,62,41,82,87,62,35,42,51,45,65,21,56,13,21,32,27,5,8,47,66,14,41
57,3.6,3.333333,3.333333,3.25,Often,3.666667,3.2,3.666667,Often,3.5,3.5,3.4,3.6,3.245283,3.5,3.694444,2.87037,3.722222,3.333333,3.62963,3.333333,3.666667,3.62963,3.422222,94,65,98,99,58,99,56,99,66,99,99,96,88,73,86,85,70,92,42,95,47,90,89,87
58,2.4,3.166667,1.666667,Occasionally,2.166667,1.833333,Often,1.666667,2.833333,2.5,2.333333,2.8,3.076923,3.276596,2.851064,2.677419,2.956522,3.148936,3.153846,2.468085,3.319149,3.042553,3.042553,2.820513,30,69,32,17,73,31,29,21,65,61,38,38,11,56,1,11,10,0,29,8,39,25,6,54
59,2.4,3.166667,2.166667,Occasionally,2.666667,2.666667,3.6,1.666667,2.333333,2.5,Often,2.2,2.890909,3.272727,2.939394,2.840909,2.863636,3.030303,3.4,2.590909,3.151515,2.924242,3.090909,2.872727,15,68,46,38,56,17,63,33,44,43,48,47,11,56,13,11,40,17,75,8,16,25,50,15
60,Often,3.166667,Occasionally,2.25,2.333333,2.833333,2.8,1.333333,2.666667,1.833333,2.666667,Often,3.14,3.466667,2.966667,2.525,3.1,3.216667,3.36,2.05,3.466667,3.083333,3.135593,3.4,37,90,51,9,85,42,59,1,83,67,57,95,42,56,7,21,19,27,18,0,31,2,25,68
61,2.4,3.833333,2.666667,2.25,2.333333,2.833333,3.2,Occasionally,3.333333,3.333333,Often,3.4,2.793103,2.941176,2.909091,2.636364,2.5,2.911765,3.107143,2.529412,3.058824,2.727273,2.852941,2.896552,8,23,38,15,11,7,23,27,32,18,11,49,11,96,41,21,19,27,42,23,66,86,50,87
62,3.6,Always,3.833333,3.25,Always,2.833333,3.6,3.666667,Always,3.833333,3.333333,3.4,3.16,3.241379,3.166667,3.475,3.25,3.383333,3.42,3.233333,3.233333,3.116667,3.233333,3.08,40,64,78,96,97,65,68,94,51,72,75,72,88,98,99,85,99,27,75,95,93,98,80,87
63,3.166667,3.375,3.125,1.8,Often,2.875,3.142857,Occasionally,3.142857,Often,3.125,2.5,3.15,2.666667,2.916667,2.75,2.5,2.916667,3.15,2.833333,3.541667,2.958333,2.875,2.75,38,3,40,23,11,7,28,58,91,48,15,32,62,83,77,10,70,42,40,23,55,66,69,40
64,3.8,3.5,3.5,3.25,3.333333,3.5,3.6,2.166667,3.833333,3.666667,3.666667,Often,3.428571,3.095238,3.202381,3.2,2.761905,3.404762,3.275362,2.809524,3.238095,3.190476,3.178571,2.842857,82,41,85,76,40,69,46,55,53,82,64,42,96,84,93,85,89,84,75,31,90,94,94,68
65,2.8,2.833333,3.166667,2.75,Occasionally,3.166667,2.4,2.833333,Always,2.833333,2.833333,Often,3.129032,2.571429,2.648936,3.16129,2.769231,2.734043,2.763441,3.595745,2.606383,3.010753,2.9,2.721519,35,0,13,74,41,2,2,98,3,57,19,30,29,28,77,53,5,59,5,73,93,52,37,68
66,3.2,Often,Often,2.75,Often,2.5,2.2,2.166667,3.166667,2.833333,Often,Often,3.074074,3.257576,3.246154,3.181818,3.106061,3.19697,3.254545,3.045455,3.454545,3.242424,3.060606,2.872727,29,66,89,76,86,39,42,81,82,87,42,47,64,40,67,53,70,10,1,31,55,52,50,68
67,3.2,3.333333,2.833333,Often,3.333333,3.166667,3.8,1.833333,Always,2.666667,2.666667,2.8,3.333333,3.111111,3.166667,2.833333,2.638889,3.416667,3.533333,2.666667,3.333333,3.138889,3.194444,Often,66,42,78,36,25,71,82,41,66,76,69,61,64,73,57,69,89,59,86,16,93,38,25,54
68,3.2,2.833333,2.333333,2.5,2.333333,3.666667,2.8,2.5,2.833333,2.333333,3.166667,2.4,3.05,2.895833,2.895833,2.806452,2.75,3.458333,3.225,2.5,3.166667,Often,3.125,2.675,27,16,36,30,38,76,38,24,45,52,54,24,64,28,20,38,19,92,18,53,39,19,69,26
69,1.8,2.833333,2.5,2.5,3.166667,Often,3.4,Always,2.166667,3.333333,3.333333,1.8,2.771429,2.738095,2.525,3.178571,2.609756,2.95122,3.114286,3.071429,2.658537,2.690476,2.756098,2.828571,7,7,4,75,23,11,25,83,5,14,4,41,0,28,30,38,78,43,55,99,10,86,80,2
70,2.75,2.8,2.6,2.666667,3.333333,2.333333,Often,2.666667,2.333333,Often,2.833333,Often,2.875,2.966667,3.2,2.916667,3.228571,2.916667,3.033333,3.111111,3.055556,2.972222,3.055556,2.916667,13,25,84,47,93,7,17,89,31,50,41,50,28,26,39,51,89,5,29,64,16,66,37,68
71,3.4,3.5,3.5,3.5,2.833333,3.666667,Always,3.166667,3.833333,3.333333,3.333333,Often,2.828571,2.634146,2.833333,3.392857,2.952381,2.880952,2.857143,2.833333,3.452381,2.833333,2.690476,2.685714,10,2,29,93,72,5,7,58,81,30,2,26,79,84,93,95,56,92,96,89,90,86,80,68
72,2.4,3.166667,2.333333,Occasionally,2.666667,Often,Often,2.333333,2.166667,2.666667,2.833333,2.6,3.425,3.645833,3.395833,3.03125,3.354167,3.625,3.55,2.9375,3.395833,3.604167,3.625,3.55,80,97,96,62,98,95,85,72,73,99,98,99,11,56,20,11,40,43,29,43,10,38,37,41
73,Often,3.666667,3.333333,3.5,Often,3.166667,3.4,2.666667,3.666667,Often,2.666667,3.2,3.35,3.3125,2.604167,2.9375,2.729167,3.5625,3.45,2.333333,3.583333,2.625,3.25,2.975,69,75,8,49,35,92,74,8,93,8,76,58,42,93,86,95,70,59,55,64,88,66,25,82
74,2.6,2.833333,2.166667,2.75,Often,3.166667,2.2,2.333333,2.5,2.5,2.166667,2.6,2.933333,2.907408,2.351852,2.75,2.074074,3.240741,3.044445,2.792453,2.611111,2.555556,2.925926,2.222222,18,18,0,23,0,45,17,53,4,3,21,1,21,28,13,53,70,59,1,43,25,25,2,41
75,,,,,,,,,,,,,3.265306,3.355932,2.864407,2.475,2.649123,3.433333,3.22,2.413793,3.258621,2.672414,3.183333,3.163265,53,79,33,7,27,73,38,15,56,12,64,79,,,,,,,,,,,,
76,2.2,2.833333,2.5,1.75,2.666667,Often,3.4,2.166667,2.333333,2.166667,Often,2.2,3.022222,2.925926,2.796296,2.694444,2.490566,3.222222,3.466667,2.444444,3.018518,2.722222,3.074074,2.333333,24,21,26,18,11,42,76,18,25,17,46,5,3,28,30,3,40,43,55,31,16,12,50,15
77,3.4,2.833333,3.333333,2.75,3.166667,3.166667,3.4,2.333333,3.5,2.833333,2.833333,2.8,3.434783,3.439024,3.177215,3.036364,2.875,3.463415,3.628572,3.078947,3.45,3.226191,3.2875,3.014706,82,88,83,63,59,78,92,85,81,85,82,65,79,28,86,53,78,59,55,43,78,52,37,54
78,2.8,Often,2.833333,2.75,2.833333,2.5,2.8,2.333333,3.333333,2.833333,2.833333,Often,3.32,3.433333,3.166667,2.55,2.933333,3.366667,3.16,2.833333,3.4,2.6,3.466667,2.52,64,86,78,10,71,64,30,58,74,6,97,14,29,40,57,53,56,10,18,43,66,52,37,68
79,Occasionally,3.8,2.6,2.833333,2.8,2.666667,2.5,3.166667,3.166667,2.333333,2.333333,3.333333,2.333333,3.542857,3.285714,3.119048,2.764706,2.880952,2.821429,2.976191,3.238095,2.904762,3.380952,3.071429,0,94,91,70,40,5,5,76,53,40,92,71,1,95,39,68,55,17,8,89,55,19,6,86
80,3.4,3.166667,2.166667,Often,2.333333,3.333333,3.4,2.666667,3.333333,2.5,Often,2.4,3.425,3.583333,3.229167,Often,2.782609,3.645833,3.794872,2.630435,3.5,3.1875,3.395833,2.85,80,96,87,57,43,97,98,37,86,80,93,43,79,56,13,69,19,72,55,64,66,25,50,26
81,3.166667,2.833333,3.4,3.2,3.166667,2.6,3.25,3.666667,Often,Often,3.166667,3.333333,3.185185,3.018868,3.066667,3.022222,Often,3.066667,2.944444,3.055556,3.018518,2.777778,2.962963,2.851852,44,31,65,60,78,21,11,82,25,21,28,44,62,28,92,83,78,17,53,95,47,66,69,86
82,2.8,3.333333,2.5,2.5,2.833333,Often,3.2,1.666667,2.833333,2.5,2.833333,2.2,3.133333,3.481482,2.851852,2.694444,2.851852,3.037037,2.888889,2.407408,3.37037,2.888889,2.907408,3.177778,35,91,32,18,53,17,7,14,71,36,20,82,29,73,30,38,56,43,42,8,39,25,37,15
83,Often,Often,Often,3.333333,2.666667,2.4,3.166667,2.833333,2.833333,Often,3.166667,3.166667,3.03125,2.895833,3.175,3.125,2.895833,3.05,2.854167,3.041667,3.041667,3.3,3.0625,3.0625,25,16,82,70,62,18,7,79,28,92,43,70,42,40,67,94,40,9,41,73,39,66,69,81
84,3.6,3.166667,2.666667,3.25,Occasionally,3.5,Always,2.333333,3.333333,3.666667,3.666667,Occasionally,3.288889,2.851852,2.611111,2.75,2.444444,3.518518,3.644444,2.814815,2.653846,2.814815,3.055556,2.377778,57,12,8,23,7,86,93,56,5,27,41,6,88,56,41,85,5,84,96,43,66,94,94,9
85,2.4,2.666667,1.166667,2.5,2.666667,2.166667,3.4,2.166667,2.833333,Occasionally,2.333333,Often,3.16,3.116667,2.566667,2.875,2.783333,3.116667,3.3,2.423729,3.1,2.666667,Often,2.84,40,44,6,42,44,28,48,17,36,11,31,42,11,18,0,38,40,1,55,31,39,6,6,68
86,2.4,Often,Often,2.75,2.666667,2.5,3.2,Often,3.333333,2.833333,Often,2.6,3.355556,3.111111,3.148148,3.388889,2.907408,3.481482,3.444444,2.925926,3.444444,3.111111,3.277778,3.133333,71,42,76,92,65,82,72,70,80,71,80,77,11,40,67,53,40,10,42,82,66,52,50,41
87,2.4,2.666667,1.833333,Occasionally,2.2,2.5,2.6,1.833333,Occasionally,Occasionally,2.833333,2.2,3.3,3.297872,2.958333,3.0625,3.0625,3.395833,3.25641,2.93617,3.291667,2.9375,3.191489,Often,59,73,49,65,84,67,42,72,62,45,68,61,11,18,3,11,18,10,9,16,6,6,37,15
88,3.2,3.166667,Often,Often,2.833333,3.333333,3.6,3.333333,2.833333,2.833333,3.166667,2.8,3.025641,2.87234,2.787234,2.741935,2.659575,3.06383,3.102564,2.914894,2.957447,2.553191,2.93617,2.48718,25,14,24,22,28,21,22,69,17,3,23,11,64,56,67,69,56,72,75,91,39,52,69,54
89,3.2,3.333333,3.166667,1.75,Occasionally,3.333333,3.4,1.666667,Always,Often,3.666667,3.6,3.314815,3.439394,3.153846,3.071429,3.234375,3.353846,3.363636,2.890625,3.359375,3.045455,3.307692,3.218182,64,88,77,66,95,62,59,64,69,61,85,87,64,73,77,3,5,72,55,8,93,66,94,93
90,,,,,,,,,,,,,3.233333,3.444444,2.944444,3.208333,2.861111,3.444444,3.4,2.416667,3.25,3.194444,3.305556,2.8,49,89,47,79,55,75,63,16,54,83,85,35,,,,,,,,,,,,
91,,,,,,,,,,,,,3.16,2.931035,2.931035,3.263158,2.724138,3.241379,3.458333,2.689655,3.068965,2.896552,2.862069,2.833333,40,22,43,83,35,45,76,45,33,39,13,41,,,,,,,,,,,,
92,2.2,2.666667,2.5,2.25,2.166667,2.833333,3.4,2.666667,2.333333,2.833333,Often,1.6,2.791667,2.833333,2.466667,2.7,2.433333,3.1,3.16,2.1,2.8,2.666667,2.866667,2.56,7,11,2,19,6,26,30,3,10,11,13,15,3,18,30,21,10,27,55,64,16,52,50,1
93,Often,2.833333,2.166667,2.25,Occasionally,2.166667,2.8,1.833333,2.666667,1.666667,2.166667,2.2,3.182927,2.816327,2.734694,2.861538,2.581633,3.05102,3.123457,2.561224,3.05102,2.581633,2.806123,2.487805,44,11,17,40,19,18,25,29,30,5,8,12,42,28,13,21,5,1,18,16,31,2,2,15
94,3.4,Often,2.666667,2.5,2.5,3.333333,3.6,2.5,Often,Occasionally,3.333333,2.2,3.05,3.166667,2.875,2.71875,2.854167,3.083333,3.175,2.625,3.270833,2.916667,3.042553,2.775,27,51,35,21,54,23,33,36,57,42,38,33,79,40,41,38,32,72,75,53,47,6,80,15
95,2.2,3.333333,2.333333,2.25,2.666667,2.666667,Often,1.5,2.666667,Occasionally,2.833333,Often,3.35,3.276596,2.914894,2.78125,2.913043,3.195652,3.263158,2.395833,3.446809,3.06383,3.130435,Often,69,69,39,28,66,38,43,13,80,65,56,61,3,73,20,21,40,17,29,3,31,6,37,68
96,2.4,2.666667,2.833333,2.25,2.5,2.666667,3.2,Occasionally,1.666667,2.166667,2.666667,2.6,Often,3.229167,2.520833,2.28125,2.729167,3.020833,3.15,2.229167,2.9375,2.5625,3.229167,2.6,22,63,3,2,35,16,28,6,16,4,74,19,11,18,57,21,32,17,42,23,1,12,25,41
97,3.4,3.166667,2.666667,2.5,2.666667,Often,3.4,2.833333,2.833333,1.833333,2.666667,2.4,3.05,2.916667,2.708333,Often,2.5625,3.270833,3.25,2.604167,Often,2.479167,2.833333,2.375,27,19,15,57,16,51,40,34,22,0,10,5,79,56,41,38,40,43,55,73,39,2,25,26
98,2.6,2.5,2.833333,2.75,2.5,2.166667,Occasionally,2.5,3.5,3.166667,2.166667,3.4,3.28421,3.070796,3.017699,3.302632,2.699115,3.149123,2.894737,2.921053,3.517544,3.263158,2.868421,3.212766,57,37,58,87,30,31,8,70,88,89,14,86,21,9,57,53,32,1,0,53,78,77,2,87
99,2.4,2.333333,1.833333,2.5,1.5,1.333333,3.2,1.666667,2.333333,2.666667,2.333333,2.4,2.75,2.925926,2.62963,2.611111,2.555556,2.5,3.159091,2.37037,3.037037,2.777778,2.796296,2.577778,5,21,11,13,15,0,30,11,28,21,6,16,11,5,3,38,0,0,42,8,16,38,6,26
100,Often,3.333333,Often,Often,3.333333,Often,3.4,Often,3.166667,3.166667,3.333333,3.2,2.9,2.888889,2.75,2.833333,2.638889,2.972222,3.333333,2.444444,2.916667,2.833333,3.055556,2.633333,16,15,19,36,25,12,56,18,15,30,41,21,42,73,67,69,89,43,55,82,55,77,80,82
101,2.2,2.166667,2.833333,3.25,2.333333,2.333333,2.8,1.666667,3.666667,2.166667,2.333333,2.6,3.408163,3.175439,3.22807,3.27027,3.087719,3.416667,3.44,2.864407,3.586207,3.385965,3.224138,3.085106,77,55,87,84,85,71,71,63,94,95,73,74,3,2,57,85,19,5,18,8,88,12,6,41
102,Always,Often,2.333333,2.75,3.166667,3.333333,3.4,1.333333,2.5,2.666667,2.833333,3.4,3.353846,2.935897,2.820513,2.72549,2.558442,3.423077,3.415385,2.474359,3.01282,2.679487,3.025641,2.584615,71,23,28,22,15,71,67,21,24,12,35,17,98,40,20,53,78,72,55,0,25,38,37,87
103,2.4,3.166667,3.166667,Occasionally,2.833333,2.833333,2.8,1.833333,3.166667,2.5,2.666667,2.4,3.311111,3.148148,3.074074,3.138889,2.814815,3.296296,3.066667,2.851852,3.277778,3.188679,3.055556,3.022222,63,48,66,71,48,55,20,61,59,81,41,66,11,56,77,11,56,27,18,16,55,25,25,26
104,3.2,3.5,2.833333,1.75,2.166667,2.666667,2.8,2.166667,3.666667,2.666667,2.833333,2.6,3.509091,3.227273,3.166667,2.954545,2.878788,3.318182,3.2,3.060606,3.439394,3.060606,3.227273,3.127273,89,62,78,53,60,57,35,83,79,64,74,76,64,84,57,3,10,17,18,31,88,38,37,41
105,Often,Often,2.5,1.75,3.166667,2.666667,3.8,2.833333,Often,2.333333,3.166667,1.6,3.342857,3.452381,3.333333,3.357143,3.243902,3.428571,3.285714,3.166667,3.404762,3.292683,3.357143,3.085714,68,90,94,90,96,72,47,92,76,91,91,74,42,40,30,3,78,17,86,73,47,19,69,1
106,2.8,2.5,2.666667,Often,Occasionally,2.833333,Often,Often,2.833333,2.166667,2.333333,1.8,3.466667,2.916667,3.027778,3.25,2.722222,3.5,3.5,3.083333,3.416667,2.916667,3.027778,2.8,84,19,61,81,33,84,78,85,78,42,36,35,29,9,41,69,5,27,29,82,39,12,6,2
107,Occasionally,1.833333,1.666667,1.75,2.333333,Often,3.8,1.666667,2.5,2.333333,2.333333,1.8,3.266667,3.384615,2.792453,2.914286,3.038461,3.433962,3.545455,2.519231,3.519231,3.056604,3.153846,2.613636,53,82,25,46,83,74,84,26,89,64,60,20,1,0,1,3,19,43,86,8,25,19,6,2
108,2.6,2.666667,2.333333,2.75,2.666667,2.833333,Often,2.833333,3.166667,2.166667,2.5,2.4,2.745455,3.075758,Often,3.227273,2.606061,2.954545,3.054545,2.69697,3.409091,2.833333,2.742424,3.090909,4,39,55,80,22,11,19,46,77,30,4,75,21,18,20,53,40,27,29,73,55,12,14,26
109,2.8,3.166667,2.666667,2.75,2.833333,3.166667,3.2,2.666667,3.166667,3.166667,Often,Often,3.275,3.229167,3.020833,2.8125,2.75,3.395833,3.45,2.666667,3.4375,3.125,3.104167,3.075,55,63,60,31,38,67,74,41,79,73,50,71,29,56,41,53,56,59,42,64,55,77,50,68
110,3.6,Often,2.666667,Occasionally,3.166667,3.166667,Often,3.5,3.833333,2.166667,2.833333,3.4,3.254545,3.015152,2.772727,2.909091,2.569231,3.409091,3.418182,2.893939,3.272727,2.636364,Often,2.327273,52,30,23,46,17,70,68,65,58,9,31,4,88,40,41,11,78,59,29,93,90,12,37,87
111,3.2,3.5,2.833333,2.5,3.166667,3.5,2.6,2.166667,Often,Often,3.333333,Often,3.42,3.12069,3.140351,2.9,2.912281,3.35,3.081633,2.571429,3.457627,3.033898,3.155172,3.265306,78,45,75,44,66,60,21,31,82,59,61,89,64,84,57,38,78,84,9,31,47,66,80,68
112,Often,Often,1.5,1.75,2.166667,2.333333,2.6,Occasionally,2.666667,Often,2.5,2.4,2.752941,3.019608,2.872549,2.823529,2.514852,2.980392,3.047059,2.509804,3.117647,2.754902,2.77451,2.752941,6,31,34,36,14,14,18,26,39,21,5,33,42,40,0,3,10,5,9,23,31,66,14,26
113,3.4,3.666667,3.333333,2.75,3.333333,2.833333,Often,2.666667,Always,3.333333,3.5,3.8,2.975,3.395833,2.770833,2.967742,2.782609,2.75,2.75,2.065217,3.291667,3.1875,2.829787,3.075,20,83,22,56,43,3,2,2,62,80,9,71,79,93,86,53,89,27,29,64,93,86,89,96
114,Often,Often,2.666667,3.25,Often,2.833333,2.8,2.666667,2.5,2.833333,2.5,2.4,3.2,2.738095,2.619048,3.285714,2.547619,3.190476,3.428571,2.642857,2.857143,2.780488,2.785714,2.514286,46,7,10,85,14,38,70,39,13,23,6,14,42,40,41,85,70,27,18,64,25,52,14,26
115,2.2,2.5,2.833333,Often,2.333333,Often,2.6,2.5,3.166667,2.666667,2.833333,2.4,3.2,3.3125,3.125,2.71875,2.770833,3.270833,3.225,2.791667,3.5,2.979167,3.041667,2.9,46,75,73,21,42,51,38,53,86,50,37,50,3,9,57,69,19,43,9,53,55,38,37,26
116,3.2,3.833333,3.166667,1.75,1.833333,Always,3.8,3.166667,Occasionally,2.833333,3.333333,Occasionally,3.25,2.854167,2.708333,2.774194,2.319149,3.489362,3.65,2.895833,2.854167,2.680851,3.125,2.461539,50,13,15,26,1,83,94,65,13,13,54,9,64,96,77,3,2,98,86,89,6,52,80,9
117,3.6,3.5,3.166667,2.5,3.5,3.833333,3.4,1.333333,3.333333,3.166667,3.166667,3.4,3.666667,3.301887,3.111111,2.638889,2.814815,3.481482,3.6,2.444444,3.407408,3.240741,3.444444,3.177778,98,74,71,15,48,82,88,18,77,86,96,82,88,84,77,38,93,96,55,0,66,77,69,87
118,,,,,,,,,,,,,3.15,3.166667,2.9375,2.8125,2.875,3.083333,3.2,2.895833,3.25,2.854167,3.0625,2.8,38,51,45,31,59,23,35,65,54,33,43,35,,,,,,,,,,,,
119,2.4,2.833333,3.5,3.25,2.833333,2.833333,2.4,3.666667,3.5,3.5,3.5,2.8,3.203704,3.171875,3.215385,3.046512,2.806452,3.384615,3.148148,3.076923,3.375,3.276923,3.153846,2.962963,49,54,85,64,47,65,28,84,71,90,60,56,11,28,93,85,56,27,5,95,78,90,89,54
120,2.8,Often,3.333333,Often,3.333333,Often,2.8,2.166667,3.166667,3.166667,Often,3.8,3.175,3.4375,3.270833,3.21875,2.833333,3.234043,3.15,2.833333,3.520833,3.5,3.1875,3.5,42,87,90,79,50,44,28,58,89,98,67,98,29,40,86,69,89,43,18,31,55,77,50,96
121,2.5,2.5,3.166667,2.75,2.833333,Often,2.4,3.4,Often,2.833333,2.833333,2.833333,3.037037,3.111111,2.944444,2.972222,3.148148,2.944444,2.933333,3.222222,3.177778,2.814815,2.888889,3.166667,26,42,47,57,90,9,10,94,46,27,17,80,20,9,77,53,56,43,5,93,47,52,37,67
122,Often,2.5,2.5,2.75,1.5,Often,2.6,2.833333,2.666667,2.666667,2.5,2.4,3.16,2.766667,2.766667,3.205128,2.45,3.186441,3.265306,2.816667,2.830508,3.15,2.8,2.857143,40,8,21,78,7,36,44,57,12,77,8,44,42,9,30,53,0,43,9,73,31,38,14,26
123,2.4,1.666667,2.333333,Often,1.333333,3.166667,3.4,2.333333,1.5,2.166667,2.666667,1.2,3.309091,2.893939,2.984848,3.204545,2.454545,3.318182,3.654546,2.757576,2.484848,2.954545,3.348485,2.490909,62,16,54,78,8,57,95,50,1,47,90,12,11,0,20,69,0,59,55,43,0,12,25,0
124,,,,,,,,,,,,,,,,,,,,,,,,,,,,,,,,,,,,,,,,,,,,,,,,
125,Often,3.333333,2.833333,2.75,3.333333,Often,Often,Occasionally,3.5,Often,3.166667,3.4,Often,3.272727,2.84375,2.809524,2.954545,3.106061,2.781818,2.384615,3.409091,3.19697,2.939394,3.309091,22,68,30,30,73,27,3,12,77,83,24,93,42,73,57,53,89,43,29,23,78,66,69,87
126,3.2,Often,2.5,3.25,2.833333,2.333333,3.4,2.666667,2.333333,2.833333,3.166667,2.2,,,,,,,,,,,,,,,,,,,,,,,,,64,40,30,85,56,5,55,64,16,52,69,15
127,2.6,2.8,2.333333,Often,2.833333,Often,2.666667,2.666667,2.333333,2.5,Often,2.25,3.525,3.282051,3.319149,3.375,2.934783,3.208333,3.06383,3.282609,3.288889,3.108696,3.191489,3.322581,90,71,93,92,71,41,19,96,61,71,68,94,21,26,20,69,56,43,16,64,16,25,50,25
128,2.4,2.666667,1.333333,2.25,2.833333,2.5,2.2,1.5,1.833333,1.833333,2.166667,Occasionally,3.4,3.542857,3.277778,2.958333,3.138889,3.555556,3.5,2.888889,3.527778,3.25,3.305556,3.266667,75,94,90,54,89,91,78,64,90,88,85,90,11,18,0,21,56,10,1,3,2,2,2,9
129,2.2,2.333333,1.833333,2.25,1.833333,2.5,3.6,2.333333,1.833333,Occasionally,2.833333,1.8,2.8,2.666667,2.638889,3.458333,2.416667,2.972222,3.433333,2.972222,2.305556,2.638889,2.861111,1.966667,8,3,12,95,5,12,71,76,0,10,12,0,3,5,3,21,2,10,75,43,2,6,37,2
130,3.2,Often,Often,2.25,2.666667,3.333333,3.2,2.666667,3.166667,3.166667,3.333333,2.6,3.6,2.98718,3.217949,3.25,2.820513,3.615385,3.615385,3.038461,2.820513,3.192308,3.435897,2.415385,94,28,86,81,50,95,90,79,11,82,96,7,64,40,67,21,40,72,42,64,55,77,80,41
131,3.6,3.166667,2.166667,2.25,Often,3.333333,3.6,3.333333,Occasionally,3.666667,Often,2.6,3.4,3.333333,3.0625,2.90625,2.916667,3.520833,3.3,2.958333,3.395833,3.104167,3.291667,3.275,75,76,64,45,67,87,48,73,73,71,83,91,88,56,13,21,70,72,75,91,6,94,50,41
132,Often,2.833333,2.666667,2.75,2.333333,2.833333,3.4,1.833333,Always,3.166667,2.833333,2.6,3.42,3.2,Often,3.05,2.883333,3.333333,3.26,3.083333,3.283333,3.1,3.05,2.92,78,57,55,64,61,58,43,85,59,70,40,51,42,28,41,53,19,27,55,16,93,77,37,41
133,3.2,3.166667,2.166667,Often,3.166667,3.333333,3.6,2.166667,3.5,2.333333,2.666667,2.8,3.533333,3.388889,3.092592,3.444444,3.240741,3.388889,3.333333,2.685185,3.222222,3.240741,3.185185,3.155555,91,82,68,95,95,66,56,44,50,86,65,79,64,56,13,69,78,72,75,31,78,19,25,54
134,2.8,Often,2.4,1.75,2.166667,2.333333,2.8,1.5,2.5,2.5,2.166667,Occasionally,3.533333,3.277778,2.916667,2.818182,2.647059,3.25,3.633333,2.388889,3.235294,Often,3.194444,2.466667,91,70,40,35,26,46,92,12,52,52,69,10,29,40,29,3,10,5,18,3,25,25,2,9
135,Always,3.166667,2.833333,2.5,2.333333,3.333333,3.4,2.833333,2.166667,2.666667,3.333333,2.4,3.277778,2.888889,3.203704,3.43662,2.359223,3.579439,3.366667,3.132076,2.915888,2.898148,3.194444,2.64045,56,15,85,94,3,93,60,89,15,40,69,22,98,56,57,38,19,72,55,73,10,38,80,26
136,2.8,Often,2.666667,2.75,2.666667,2.833333,3.2,2.166667,2.333333,2.5,2.833333,2.8,3.266667,3.194444,3.166667,3.625,3.166667,3.527778,3.7,2.861111,3.305556,3.083333,3.361111,3.2,53,57,78,99,92,88,96,62,64,67,91,83,29,40,41,53,40,27,42,31,16,25,37,54
137,Often,2.666667,Occasionally,Often,2.5,Often,3.6,1.833333,2.833333,Often,2.5,2.8,3.469388,3.155172,2.932203,2.820513,2.965517,3.474576,3.28,2.578947,3.105263,Often,3.135593,2.857143,85,50,43,35,76,80,46,31,38,52,57,44,42,18,7,69,32,43,75,16,39,66,14,54
138,2.6,3.166667,3.666667,Often,3.666667,2.833333,3.6,1.5,3.5,3.166667,2.666667,2.6,Often,2.87963,2.944444,3.166667,2.722222,3.268518,3.111111,2.583333,3.148148,2.824074,2.925926,2.777778,22,14,47,74,33,51,23,32,43,29,21,34,21,56,96,69,97,27,75,3,78,77,25,41
139,Often,3.5,3.166667,2.75,3.5,Often,3.6,2.333333,3.833333,Often,3.666667,3.6,3.3,3.666667,2.916667,2.5,3.125,3.291667,3.65,2.375,3.541667,3.125,3.583333,3.3,59,97,40,7,88,54,94,11,91,73,98,92,42,84,77,53,93,43,75,43,90,66,94,93
140,2.4,3.5,3.166667,Often,2.833333,2.666667,Often,2.333333,Always,2.666667,Occasionally,3.4,3.288889,3.444444,3.277778,3.388889,3.111111,3.259259,3.311111,2.666667,3.666667,3.444444,3.148148,3.2,57,89,90,92,87,50,51,41,97,97,59,83,11,84,77,69,56,17,29,43,93,38,0,87
141,2.4,2.666667,2.5,Often,1.666667,2.833333,3.6,1.833333,Occasionally,2.666667,2.666667,2.6,2.975,2.916667,2.541667,2.84375,2.595745,3.145833,3.175,2.395833,2.6875,2.787234,2.854167,2.7,20,19,5,38,21,30,33,13,6,25,12,28,11,18,30,69,1,27,75,16,6,38,25,41
142,Often,3.5,3.666667,Often,3.666667,2.833333,3.2,2.666667,Always,3.5,3.166667,2.4,3.133333,3.301887,3.153846,2.805556,2.867924,3.185185,3.555556,2.792453,3.415094,2.830189,3.185185,Often,35,74,77,29,57,35,85,53,78,29,65,61,42,84,96,69,97,27,42,64,93,90,69,26
143,2.4,2.833333,3.5,2.75,2.333333,3.5,3.8,2.166667,Always,Often,Often,2.6,3.076923,3.404255,3.234043,Often,2.913043,3.531915,3.55,3.044445,3.404255,3.041667,3.1875,2.894737,30,84,88,57,66,88,85,80,75,60,67,49,11,28,93,53,19,84,86,31,93,66,50,41
144,2.833333,2.166667,1.833333,2.166667,Often,2.5,2.666667,2.5,2.166667,1.833333,Occasionally,2.2,3.238095,3.174603,3.333333,3.225806,3.245283,3.147541,3.193548,3.2,3.095238,3.171875,3.113208,3.203704,50,55,94,80,96,30,35,93,35,79,51,85,41,2,3,21,70,10,16,53,10,2,0,15
145,Often,3.2,3.333333,2.5,3.166667,Often,3.6,Often,2.5,Often,3.166667,2.8,3.115942,3.048193,2.817073,2.888889,2.582278,3.204819,3.428571,2.740741,3.02439,2.707317,2.95122,2.695652,34,35,28,43,19,40,70,50,27,16,26,27,42,71,86,38,78,43,75,82,25,66,69,54
146,3.2,2.333333,Occasionally,2.5,2.333333,2.833333,Often,2.666667,Occasionally,2.666667,2.666667,2.2,3.491525,3.416667,2.911765,2.744681,2.857143,3.583333,3.766667,2.632353,2.69697,3.042253,3.323944,2.633333,88,85,39,23,55,94,97,38,7,60,87,21,64,5,7,38,19,27,29,64,6,38,25,15
147,Always,3.166667,2.666667,Often,3.5,3.5,3.6,2.166667,2.666667,3.5,3.5,2.8,2.9,3.1875,3.104167,3.15625,2.702128,3.4375,3.425,2.666667,3.479167,3.12766,3.145833,3.076923,16,56,70,73,31,75,69,41,85,75,58,72,98,56,41,69,93,84,75,31,31,90,89,54
148,2.2,2.5,Occasionally,1.25,2.666667,2.333333,3.8,1.5,Occasionally,1.333333,2.5,2.2,2.95,2.916667,2.916667,2.5625,2.416667,3.083333,2.9,2.541667,3.041667,Often,2.916667,2.8,19,19,40,11,5,23,8,28,28,52,21,35,3,9,7,0,40,5,86,3,6,0,14,15
149,3.2,3.2,3.4,3.25,Often,3.333333,3.166667,2.833333,3.5,2.666667,3.166667,3.333333,3.345454,3.272727,3.327273,3.204545,3.230769,3.234375,3.166667,3.203125,3.153846,3.28125,Often,3.215385,69,68,93,78,94,44,32,93,45,91,31,86,64,71,92,85,70,72,41,73,78,38,69,86
150,3.2,2.666667,2.8,2.666667,2.333333,2.666667,3.333333,2.833333,2.833333,2.6,2.166667,2.25,3.177778,3.074074,3.244444,3.055556,2.851852,3.074074,3.111111,3.018518,3.111111,2.933333,2.537037,3.166667,43,38,88,65,53,22,23,78,39,44,0,80,64,18,56,51,19,17,54,73,39,37,2,25
151,2.8,3.666667,Often,2.5,2.666667,3.166667,3.4,Occasionally,3.333333,3.166667,2.5,2.8,2.733333,3.037037,2.759259,2.5,2.796296,3.055556,2.911111,2.150943,3.148148,2.611111,2.722222,2.688889,4,33,19,7,46,19,9,4,43,7,2,26,29,93,67,38,40,59,55,23,66,77,14,54
152,2.8,2.166667,1.666667,1.5,1.333333,Often,2.8,1.666667,2.166667,1.5,2.5,1.2,3.15,2.8,2.708333,2.875,2.5625,2.458333,2.416667,2.625,2.895833,2.5625,2.35,3.125,38,10,15,42,16,0,0,36,14,4,0,75,29,2,1,1,0,43,18,8,10,0,14,0
153,Often,3.5,3.166667,3.5,3.5,3.5,3.2,Often,3.166667,3.333333,3.5,Often,2.888889,2.722222,2.611111,Often,2.5,2.944444,3.355556,2.814815,2.814815,2.796296,2.796296,2.711111,15,6,8,57,11,9,58,56,11,25,6,28,42,84,77,95,93,84,42,82,55,86,89,68
154,3.4,3.166667,2.666667,Often,2.666667,2.666667,2.6,Occasionally,3.5,2.166667,2.5,2.6,3.166667,3.361111,2.944444,2.604167,2.7,3.15493,2.983333,2.3,3.056338,2.694444,2.958333,2.85,42,80,47,13,31,32,14,7,31,14,27,43,79,56,41,69,40,17,9,23,78,12,14,41
155,3.2,3.166667,1.833333,1.25,2.166667,3.5,Always,Rarely,2.333333,2.833333,2.5,Often,3.475,3.520833,3.291667,3.125,3.1875,3.25,3.575,2.666667,3.708333,3.3125,3.333333,3.375,85,93,92,70,93,46,86,41,97,92,88,94,64,56,3,0,10,84,96,0,16,52,14,68
156,3.4,3.166667,2.666667,Occasionally,2.333333,3.5,3.4,2.5,3.333333,2.333333,2.833333,2.4,3.55,3.104167,2.791667,2.6875,2.666667,3.666667,3.4,2.583333,3.020833,Often,3.25,2.775,92,41,25,18,28,98,63,32,26,52,76,33,79,56,41,11,19,84,55,53,66,19,37,26
157,2.8,3.5,3.666667,Often,3.5,2.666667,2.6,2.5,3.166667,3.833333,2.833333,3.6,2.75,2.958333,2.708333,2.3125,2.916667,2.666667,2.85,1.958333,3.375,2.875,2.875,2.75,5,24,15,3,67,1,6,0,71,36,15,32,29,84,96,69,93,17,9,53,55,98,37,93
158,3.166667,3.2,3.666667,3.2,2.5,Often,3.333333,3.333333,3.4,3.333333,3.666667,2.75,3.016393,3.072727,3.125,2.944444,3.031746,Often,3.138462,3.079365,3.309091,3.2,3.230769,2.952381,23,38,73,50,82,15,26,85,64,84,75,56,62,71,96,83,32,43,54,91,77,86,94,53
159,2.2,2.5,Occasionally,2.5,2.333333,2.666667,2.6,2.333333,2.5,2.5,2.833333,2.2,2.685185,2.863636,2.523809,2.953488,2.676923,3.125,3.203704,2.968254,3.015385,Often,2.983607,2.581818,3,13,4,53,29,28,37,75,24,52,31,17,3,9,7,38,19,17,9,43,25,25,37,15
160,3.666667,3.8,3.6,3.666667,2.4,2.2,Often,3.5,3.25,3.833333,3.8,3.333333,3.15,3.3,3.166667,3.366667,3.02,2.6,2.966667,3.288136,3.075,3.066667,3.72,2.966667,38,74,78,91,80,0,12,96,34,66,99,57,96,95,96,98,31,4,29,93,66,98,98,86
161,3.6,3.5,3.2,3.666667,3.166667,3.666667,3.6,3.5,3.333333,3.8,3.5,3.833333,3.1875,3.1875,3.4,3.333333,3.234043,3.25,3.3,3.145833,3.375,3.25,3.21875,3.083333,45,56,97,88,94,46,48,91,71,88,72,73,88,84,85,98,78,92,75,93,66,97,89,99
162,Often,3.166667,2.833333,3.5,3.166667,3.166667,3.8,2.5,3.166667,3.666667,3.333333,3.2,2.84,2.666667,2.766667,3.55,2.633333,3.433333,3.52,2.6,3.2,3.166667,3.333333,2.541667,12,3,21,98,24,73,80,34,48,78,88,14,42,56,57,95,78,59,86,53,55,94,80,82
163,3.4,Always,3.166667,Occasionally,2.333333,Always,3.4,2.5,3.833333,3.5,3.666667,3.6,3.266667,3.296296,2.759259,2.638889,2.788461,3.111111,3.133333,2.111111,3.314815,2.814815,2.944444,3.022727,53,73,19,15,45,27,26,3,64,27,24,67,79,98,77,11,19,98,55,53,90,90,94,93
164,Often,2.333333,2.5,Occasionally,2.333333,3.5,3.6,1.666667,2.333333,2.833333,2.5,2.6,3.633333,3.027778,2.916667,2.958333,2.861111,3.361111,3.7,2.444444,3.083333,3.166667,3.166667,2.966667,97,32,40,54,55,63,96,18,35,78,61,57,42,5,30,11,19,84,75,8,16,52,14,41
165,3.4,2.166667,Occasionally,2.25,2.166667,Often,2.8,Often,2.333333,Occasionally,2.166667,1.8,3.545455,3.150943,Often,2.888889,2.603774,3.471698,3.659091,3.037736,2.7,3.314815,3.339623,2.651163,92,49,55,43,22,80,95,78,7,93,89,23,79,2,7,21,10,43,18,82,16,6,2,2
166,Often,2.5,2.666667,Often,2.333333,2.833333,3.6,2.333333,3.166667,3.166667,2.333333,1.8,3.42,3.166667,3.1,3.2,2.916667,3.35,3.52,2.932203,3.233333,2.95,3.116667,2.94,78,51,69,76,67,60,80,71,51,47,51,55,42,9,41,69,19,27,75,43,55,77,6,2
167,3.6,Always,Often,1.75,2.833333,3.666667,3.4,2.833333,3.333333,2.833333,3.833333,2.8,3.644068,3.704225,3.185714,2.702128,3.144928,3.414286,3.433333,2.558824,3.513889,3.056338,3.371428,3.416667,97,98,83,20,90,70,71,29,87,63,92,96,88,98,67,3,56,92,55,73,66,52,99,54
168,,,,,,,,,,,,,3.48,3.083333,2.95,2.9,2.8,3.4,3.64,2.9,3.183333,2.866667,3.116667,2.56,86,40,49,44,46,68,92,67,47,34,51,15,,,,,,,,,,,,
169,2.6,Always,3.833333,2.5,3.5,3.333333,Always,Occasionally,3.5,3.333333,3.5,3.8,2.666667,3.361111,2.972222,2.625,2.888889,2.944444,2.766667,2.027778,3.194444,2.777778,2.722222,3.2,2,80,52,14,61,9,3,1,48,21,2,83,21,98,99,38,93,72,96,23,78,86,89,96
170,Often,Often,2.666667,2.25,2.666667,2.833333,3.4,Occasionally,2.5,2.666667,2.666667,2.6,3.418182,3.4375,3.114754,2.857143,2.919355,3.469697,3.454545,2.548387,3.3,3.030769,3.363636,2.962963,78,87,71,39,70,79,75,28,63,59,92,56,42,40,41,21,40,27,55,23,25,38,25,41
171,Often,2.666667,Occasionally,2.25,3.333333,3.333333,3.4,2.833333,2.166667,2.333333,2.333333,1.8,3.314286,3.130952,2.698795,2.785714,2.833333,3.5,3.471429,2.416667,2.869048,2.773809,3.273809,2.485714,63,46,14,28,50,84,77,16,14,21,80,10,42,18,7,21,89,72,55,73,10,19,6,2
172,2.8,3.333333,Often,3.25,Often,3.166667,3.4,2.333333,2.833333,3.5,2.666667,Often,3.2,3.277778,3.194444,3.458333,2.805556,3.166667,3.2,2.916667,3.138889,3.277778,Often,3.166667,46,70,84,95,47,33,35,69,42,90,31,80,29,73,67,85,70,59,55,43,39,90,25,68
173,3.2,2.333333,2.833333,3.25,2.833333,2.833333,3.4,2.666667,1.666667,3.5,2.666667,2.8,3.16,3.133333,Often,3.35,2.9,3.275862,3.541667,2.933333,2.433333,3.4,Often,3.08,40,47,55,89,63,53,83,71,1,96,31,72,64,5,57,85,56,27,55,64,1,90,25,54
174,3.6,2.833333,2.833333,Often,2.333333,3.5,Often,2.666667,Often,Often,Often,Often,3.777778,3.518518,3.166667,2.944444,3.45283,3.574074,3.444444,2.777778,3.518518,3.351852,3.425926,3.244444,99,92,78,50,99,92,72,51,88,94,95,87,88,28,57,69,19,84,29,64,47,66,50,68
175,3.6,3.5,2.666667,2.75,Often,3.166667,3.8,2.166667,3.333333,3.666667,Often,2.8,3.62,3.533333,3.116667,3.025,Often,3.55,3.62,2.566667,3.366667,3.233333,3.433333,3.244898,95,93,72,61,78,90,91,30,69,86,95,88,88,84,41,53,70,59,86,31,66,94,50,54
176,2.5,2.666667,2.6,2.333333,2.166667,2.5,2.6,2.5,2.666667,2.666667,2.833333,Often,3.043478,Often,3.175,3.104167,3.148936,2.914894,3.189189,2.9,3.041667,3.086957,3.043478,3.05,27,28,82,68,91,7,35,67,28,68,39,67,20,18,39,37,10,10,9,53,31,38,37,68
177,2.6,2.833333,3.333333,Occasionally,2.833333,2.666667,2.2,1.666667,3.5,2.666667,2.833333,Often,2.86,2.983333,3.220339,2.65,2.933333,2.933333,2.98,2.616667,3.603448,3.066667,3.033333,3.06,13,27,86,16,71,8,14,35,95,66,36,69,21,28,86,11,56,17,1,8,78,38,37,68
178,Occasionally,2.5,2.166667,Often,2.333333,2.333333,3.2,Occasionally,1.833333,Often,Often,Occasionally,2.377778,3.226415,2.509434,2.222222,2.607843,2.811321,Often,2.075472,2.962264,2.867924,3.018868,2.659091,0,62,3,2,23,4,14,2,19,35,35,24,1,9,13,69,19,5,42,23,2,66,50,9
179,3.2,3.5,2.5,2.25,2.333333,2.833333,2.8,2.5,3.166667,2.833333,3.666667,2.8,2.837209,Often,2.961539,2.944444,2.703704,3.056604,2.818182,2.981132,Often,2.962264,2.925926,2.822222,11,28,50,50,32,20,4,77,22,50,21,39,64,84,30,21,19,27,18,53,55,52,94,54
180,3.6,Often,2.166667,Occasionally,2.666667,3.5,2.8,2.333333,3.333333,2.833333,Often,Often,3.475,3.5,3.166667,2.633333,3.255319,3.458333,3.25,2.765957,3.488889,3.170213,3.166667,3.45,85,91,78,14,97,76,40,51,85,79,61,97,88,40,13,11,40,84,18,43,66,52,50,68
181,3.2,3.333333,2.5,Often,2.666667,3.166667,3.8,2.333333,2.333333,2.833333,3.166667,2.2,3.367347,3.333333,2.833333,3.05,2.966667,3.35,3.58,2.533333,3.05,3.05,3.116667,2.9,72,76,29,64,76,60,87,27,30,62,51,50,64,73,30,69,40,59,86,43,16,52,69,15
182,2.4,Occasionally,1.833333,2.5,Occasionally,Occasionally,2.2,2.166667,1.5,2.5,2.166667,Often,2.977778,2.907408,2.759259,3.361111,2.574074,2.666667,Often,2.5,2.944444,2.944444,2.87037,Often,21,18,19,91,17,1,14,24,17,46,14,61,11,1,3,38,5,0,1,31,0,25,2,68
183,2.8,3.166667,1.833333,2.75,2.5,2.833333,3.8,2.833333,2.333333,3.333333,Often,2.4,2.885714,2.690476,2.595238,2.821429,2.380952,3.214286,3.514286,3.142857,2.523809,3.047619,2.878049,2.171429,14,5,7,35,3,42,79,90,2,62,17,1,29,56,3,53,32,27,86,73,16,86,50,26
184,Often,2.333333,2.75,3.166667,2.6,3.2,3.5,Occasionally,Often,2.833333,2.5,2.833333,2.688889,2.777778,2.888889,2.777778,2.866667,2.977778,2.685185,2.87037,2.87037,2.555556,2.796296,2.814815,3,9,35,27,57,13,1,64,14,3,6,37,42,5,56,83,40,71,75,23,47,52,14,67
185,3.4,2.166667,1.666667,1.5,2.166667,2.333333,3.8,2.166667,3.166667,2.333333,3.166667,2.8,3.175,2.979167,2.770833,2.8125,2.833333,3.0625,3.4,2.446809,2.958333,2.895833,3.0625,2.825,42,26,22,31,50,21,63,20,18,38,43,40,79,2,1,1,10,5,86,31,55,19,69,54
186,Often,Often,2.833333,2.5,2.833333,2.666667,2.8,1.833333,Always,Occasionally,Often,Often,3.2,2.759259,2.740741,3.138889,2.415094,2.981482,3.311111,3.148148,3.018518,2.888889,2.87037,2.711111,46,7,18,71,4,14,51,91,25,36,14,28,42,40,57,38,56,17,18,16,93,6,50,68
187,Often,3.6,2.8,Occasionally,2.4,3.2,2.25,2.6,3.4,2.8,Often,2.75,2.885714,Often,2.619048,2.178571,2.583333,2.940476,2.957143,2.321429,3.226191,2.535714,2.952381,2.6,14,28,10,0,20,9,11,7,50,2,26,19,42,93,56,11,31,71,4,63,77,50,50,53
188,2.2,2.833333,Occasionally,1.75,Occasionally,2.833333,2.6,1.5,3.166667,2.166667,2.333333,Occasionally,2.822222,3.018518,2.481482,2.171429,2.574074,2.907408,2.977778,1.925926,2.981482,2.518518,2.796296,2.4,10,30,2,0,17,6,13,0,20,1,6,6,3,28,7,3,5,27,9,3,55,12,6,9
189,2.6,2.5,3.166667,2.5,2.4,3.25,2.666667,Often,Often,2.8,2.5,Often,3.388889,3.415385,3.046154,2.873016,3.277778,3.512195,3.375,3.34375,3.461539,3.314815,3.265625,3.246154,74,85,63,41,98,86,61,97,83,93,78,88,21,9,77,38,31,72,16,82,47,50,14,68
190,3.2,3.166667,3.333333,3.25,2.666667,3.333333,Always,1.666667,Always,3.166667,3.166667,2.4,3.422222,3.259259,2.907408,2.888889,2.907408,3.388889,3.644444,2.555556,3.12963,2.907408,3.314815,2.933333,79,67,37,43,65,66,93,28,41,41,86,52,64,56,86,85,40,72,96,8,93,77,69,26
191,2.8,3.333333,2.5,2.25,2.666667,3.333333,2.2,3.666667,3.166667,2.333333,3.166667,2.8,3.28,3.25,3.016667,Often,2.866667,3.533333,3.18,3.05,3.516667,2.833333,3.15,3.06,56,65,57,57,57,89,34,82,87,30,59,69,29,73,30,21,40,72,1,95,55,19,69,54
192,2.8,Often,2.666667,2.75,2.833333,2.666667,2.8,2.166667,Often,2.666667,Often,2.8,2.975,2.791667,2.8125,3.09375,2.729167,3.270833,3.4,2.833333,3.145833,2.729167,2.875,2.325,20,9,28,67,35,51,63,58,42,19,15,3,29,40,41,53,56,17,18,31,47,38,50,54
193,3.6,3.333333,2.666667,3.25,Occasionally,3.333333,Often,Often,Always,2.666667,Often,3.8,3.25,2.833333,2.694444,2.93617,2.458333,3.055556,3.05,2.861111,3.125,2.694444,2.777778,2.716667,50,11,14,49,8,19,18,62,40,14,5,29,88,73,41,85,5,72,29,82,93,38,50,96
194,2.6,2.833333,Often,2.75,2.833333,3.166667,3.2,2.5,2.666667,Often,Often,2.8,3.266667,3.288889,3.133333,3.266667,2.977778,3.333333,3.613333,Often,3.366667,3.133333,3.266667,2.933333,53,72,75,84,77,58,90,77,69,75,79,52,21,28,67,53,56,59,42,53,31,66,50,54
195,Often,3.5,Often,3.25,2.666667,3.333333,2.6,2.666667,2.833333,2.666667,2.666667,2.4,3.333333,3.12963,3.1,3.114286,2.653846,3.058824,3.022727,2.86,3.235294,3.018868,3.134615,2.688889,66,46,69,68,27,20,16,62,52,58,57,26,42,84,67,85,40,72,9,64,39,38,25,26
196,Often,2.666667,2.833333,3.5,2.5,Often,3.4,Occasionally,2.666667,2.833333,2.833333,2.8,3.3,3.416667,3.333333,3.5,2.833333,3.5,3.3,3.083333,3.083333,3.333333,3.25,3.4,59,85,94,97,50,84,48,85,35,94,76,95,42,18,57,95,32,43,55,23,31,52,37,54
197,2.6,2.666667,2.666667,2.5,2.5,2.833333,2.6,Occasionally,2.166667,Often,2.833333,2.4,2.948718,3.106383,2.978723,2.774194,2.787234,3.255319,3.333333,2.638298,2.957447,2.893617,3.042553,2.871795,19,42,53,26,45,49,56,39,17,38,38,47,21,18,41,38,32,27,9,23,10,66,37,26
198,Often,3.666667,Often,Occasionally,2.833333,3.333333,3.4,1.833333,2.666667,2.666667,Often,2.6,3.4,3.5,3.0625,2.581395,3.033333,3.246154,3.163636,2.354839,3.375,2.90625,3.166667,3.12963,75,91,64,12,83,46,32,10,71,41,61,77,42,93,67,11,56,72,55,16,31,38,50,41
199,3.4,Often,3.333333,Often,3.166667,3.166667,3.8,2.166667,3.5,3.833333,3.166667,3.6,3.32,3.166667,2.933333,3.025,2.916667,3.35,3.32,3.033333,3.474576,2.916667,3.066667,2.86,64,51,44,61,67,60,53,78,84,42,45,45,79,40,86,69,78,59,86,31,78,98,69,93
200,3.6,3.333333,2.5,2.5,Occasionally,3.333333,3.6,2.333333,Occasionally,2.666667,3.333333,2.4,3.62,2.9,2.833333,3.25,2.5,3.483333,3.8,3.1,2.8,Often,3.216667,2.44,95,18,29,81,11,83,99,88,10,52,71,9,88,73,30,38,5,72,75,43,6,38,80,26
201,Often,Often,Often,2.75,Often,Often,3.4,Often,Often,2.666667,Often,2.4,3.2,3.083333,2.972222,3.166667,3.028571,3.555556,3.366667,2.970588,3.470588,3.055556,3.2,Often,46,40,52,74,81,91,60,75,84,63,71,61,42,40,67,53,70,43,55,82,47,38,50,26
202,2.8,Occasionally,Occasionally,3.25,2.333333,3.166667,3.2,2.5,1.666667,2.5,2.333333,1.8,3.2,2.759259,2.740741,2.971429,2.433962,3.259259,3.311111,2.944444,2.518518,2.611111,2.962963,2.422222,46,7,18,56,6,50,51,73,2,7,28,7,29,1,7,85,19,59,42,53,1,25,6,2
203,Often,3.2,3.333333,3.666667,2.8,2.833333,3.166667,2.5,3.333333,3.666667,3.8,2.5,2.813559,3.040816,3.5,2.95,2.6,2.966667,2.933333,2.45,3.1,3.15,3.54,3.282051,9,34,98,52,21,12,10,21,36,77,97,91,42,71,86,98,55,27,41,53,66,94,98,40
204,3.2,3.166667,3.166667,1.75,Often,3.833333,3.6,2.166667,2.666667,2.333333,2.666667,Often,3.444444,3.333333,3.018518,2.914286,2.87037,3.62963,3.4,2.481482,2.981482,2.740741,3.185185,2.644444,83,76,58,46,58,96,63,23,20,20,65,23,64,56,77,3,70,96,75,31,31,19,25,68
205,2.2,3.166667,2.5,2.25,3.166667,2.5,2.6,1.666667,3.5,3.166667,Often,2.8,3.05,3.104167,2.958333,2.8125,3.125,3.1875,Often,2.958333,3.12766,3.125,3.104167,2.925,27,41,49,31,88,36,14,73,41,73,50,52,3,56,30,21,78,10,9,8,78,77,50,54
206,Often,3.166667,2.666667,2.25,2.333333,3.166667,3.4,Occasionally,3.666667,2.666667,2.666667,2.8,3.088889,3.148148,2.916667,2.774648,2.703704,3.175926,3.449438,2.777778,3.222222,2.842592,3.018518,2.922222,31,48,40,27,32,35,74,51,50,32,35,51,42,56,41,21,19,59,55,23,88,38,25,54
207,3.2,Often,3.166667,Occasionally,2.833333,3.166667,Often,1.833333,3.833333,2.5,Often,Often,2.775,3.0625,2.979167,2.5,2.958333,2.979167,2.85,2.395833,3.25,2.708333,2.958333,2.875,7,35,54,7,74,14,6,13,54,16,27,48,64,40,77,11,56,59,29,16,90,25,50,68
208,2.8,2.666667,2.333333,2.25,2.333333,2.666667,Often,1.5,2.333333,2.833333,2.833333,2.6,2.8,3.041667,2.767442,2.75,2.545455,3.3125,3.210526,2.488889,3.181818,2.729167,3.0625,2.552632,8,34,22,23,14,56,37,24,47,19,43,15,29,18,20,21,19,17,29,3,16,52,37,41
209,Often,Often,2.833333,2.5,3.166667,2.333333,Often,1.5,3.5,2.5,2.666667,2.2,3.35,3.541667,2.708333,2.5625,2.833333,3.166667,3.4,2.270833,3.229167,2.958333,Often,2.975,69,94,15,11,50,33,63,6,51,48,31,58,42,40,57,38,78,5,29,3,78,25,25,15
210,3.2,3.333333,Often,2.75,2.666667,3.166667,3.8,1.833333,3.166667,Often,3.333333,2.4,3.307692,3.208333,2.875,2.9375,2.895833,3.458333,3.625,2.666667,3.270833,3.229167,3.291667,Often,61,59,35,49,62,76,91,41,57,85,83,61,64,73,67,53,40,59,86,16,55,66,80,26
211,Often,2.5,2.333333,2.75,2.166667,3.333333,Often,2.666667,Often,2.166667,2.333333,2.6,3.333333,3.173913,2.636364,3.133333,2.73913,3.130435,3.111111,2.73913,3.285714,2.695652,3.173913,2.789474,66,54,11,71,37,29,23,49,60,15,63,35,42,9,20,53,10,72,29,64,47,12,6,41
212,2.6,2.833333,2.5,Occasionally,Often,2.833333,3.4,1.666667,1.833333,2.5,2.666667,2.2,3.425,3.340425,3.06383,2.375,3.0625,3.375,3.6,2.6875,3.104167,2.957447,3.125,2.625,80,78,65,4,84,64,88,44,38,48,54,21,21,28,30,11,70,27,55,8,2,25,25,15
213,2.8,Often,2.5,1.25,1.833333,3.666667,2.4,1.333333,2.833333,2.5,2.666667,2.4,3.1,3.25,2.805556,2.416667,2.722222,3.25,3.1,2.611111,3.2,2.861111,3.083333,3.133333,32,65,27,5,33,46,22,35,48,34,47,77,29,40,30,0,2,92,5,0,39,25,25,26
214,1.8,2.666667,Occasionally,1.5,Occasionally,Occasionally,2.4,1.333333,2.333333,1.5,2.666667,2.4,3.142857,3.214286,2.642857,2.214286,2.904762,3.095238,3.257143,2.285714,3.071429,2.785714,3.095238,2.5,37,60,12,1,64,25,42,7,33,24,49,13,0,18,7,1,5,0,5,0,16,0,25,26
215,2.4,2.833333,Often,Often,1.833333,3.166667,3.4,3.833333,1.833333,1.833333,Occasionally,2.2,3.25,3.131579,3.116883,2.411765,2.666667,3.233766,3.28125,2.805195,2.973684,2.636364,2.896104,2.96875,50,47,72,5,28,43,47,54,20,9,19,58,11,28,67,69,2,59,55,98,2,2,0,15
216,3.5,2.166667,2.666667,2.333333,3.2,3.166667,2.833333,2.833333,Often,2.833333,3.4,2.166667,3.09375,2.708333,3.145833,2.957447,3.15,3.229167,3.3125,3.042553,2.925,3.145833,3.325,2.9375,32,6,76,54,92,43,52,80,16,76,88,54,87,2,41,37,88,59,28,73,47,52,88,15
217,3.8,2.666667,2.666667,2.5,Often,3.333333,3.4,3.333333,3.333333,3.166667,3.166667,3.2,3.236364,3.030303,2.846154,3.295455,2.590909,3.257576,3.309091,2.909091,3.276923,2.833333,2.848485,Often,50,33,31,86,21,49,50,68,58,30,11,61,96,18,41,38,70,72,55,91,66,77,69,82
